user_id,user_name,age
2ebaa835-6e44-4c8b-b5b4-1e622fe26ff2,Philip Larsen,93
9e335246-106a-4420-b5e7-a55bd9a7b44f,Marie Buck,50
72dd04fb-0df6-4057-8f96-11a1d03a5fd4,David Pena,59
6b362c0d-2950-4246-aa4c-9a7374914411,Karen Winters,79
b476e875-763a-43b6-9fd7-1dfb4fce57a8,Jessica Pratt,90
46e35117-67c7-46bf-a68f-cea372c6162b,Diana Stark,59
ba96537a-db90-43df-b4c9-80dcc09e7206,Steven Diaz,59
ba4dc6e6-bee5-4732-b377-4f982538d347,Amy Olsen,98
c8515723-a3aa-4572-98a8-1537fb97be13,Andrea Holden,42
a8611df8-9ea7-42ce-a3a3-c2e75f452123,Willie Hernandez,87
df3bbbb5-bceb-44f4-a7be-762f6491be46,Mason Hayes,33
c3897b5f-d189-40e2-8c84-8a4b5ee9256b,David Armstrong,65
1791376b-143a-413a-ad66-4f880826aceb,Kristen Carter,57
aec76ab4-3516-4114-9a51-ce6939e8e0f7,Dana Butler,91
db4bf4f0-6063-4224-a385-9b3cb432fdb6,Cody Shaffer,54
2383c8e6-25db-4063-9b68-a5cbcb98c304,Elizabeth Silva,77
259c77ec-4613-4bb3-9d77-84f326506778,Stanley Graham,49
893e83ac-15fd-4663-804f-f4eff2a81a68,Donna Simpson,43
61fc1088-c538-490f-ba6f-fe97162b9f02,Heather Hunter,75
0cc142f0-c7dd-4e86-977d-f7abf1b48071,Darryl Long,69
f5656082-2770-402e-90d4-f049b479c359,Anna Moore,66
14a6bb09-78f5-4cd2-b0f6-a308fdd0f9b6,Gregory Blankenship,44
d7e12f7d-553f-4d3a-9a40-91da1bf686cb,Donald Potter,77
e870f219-3b64-4f99-8bbb-408ed0b18153,Patricia Johnson,21
b131499b-9299-4fff-ae81-33d41a34a971,Zoe Martinez,27
85ba5845-3df8-4b85-a4d2-eb046e5501ea,Luke Day,39
e10ede0e-ac09-41cc-b6db-df117401cea8,Wayne Garrison,28
df0687b4-92da-4178-a784-285f9a6ebcf1,Kenneth Mitchell,93
9f5b28ce-2fb2-41e6-8231-42089bc41361,Dillon Mcdaniel,83
c98c57f3-acff-4bed-938a-ec850811478c,Alyssa Hanna,67
03816232-05c3-451f-b1c6-f5f8ce080328,Joel Martin,50
1982f7fd-1757-44ed-a99d-ac4a187c45e9,Nicole Smith,54
4ee213c7-1ca7-4fcb-ac44-2d6a54889421,Betty Harris,40
19ebd904-9cea-4db8-8bc0-53fd9af2e491,Joy Roberts,56
595692df-1da9-46e5-8e82-43b7e992883c,George Smith,21
9de6d351-9f01-48cb-8aba-af4b3d541fbe,Deanna George,63
b2bc105a-a6fd-4800-89d2-6380c486efae,Mark Acevedo,37
3a1f9f93-d209-4217-8cd0-8f05da257ba0,Aaron Johnson,25
a3f0c077-5693-42ec-92c6-40aa8e4921bc,Misty Mason,64
a005067e-2844-4499-968b-11b939193dfe,Alexander Thompson,53
f4eda4cf-caa7-4361-94a1-99b3268833d5,Erin Roberts,88
a35982c5-831e-4ed9-9935-8b2dc0236bd3,Tyler Nixon,25
992d10d9-620c-4a94-af4e-e3bb786813d1,Charles Jones,97
a4da1681-ee3c-4c2d-be86-9a62f6b8718e,Samantha Nelson,62
5cf459f6-3992-4084-acce-61314eda3727,Alicia Short,72
8e05fd24-dc80-41c0-821e-6705be1fca65,Bonnie Johnson,54
a32308c0-483f-4af0-8467-46ae0c180a04,John Moore,39
1b2dc426-ee0a-49ce-b12c-a792329bbd22,Caleb Alvarez,77
0b513c19-a9fd-436f-b538-809ba951560b,Brandon Ferguson DVM,96
1f2bf599-b4b0-4a42-9c4f-131b571357b3,Sara Brown,61
72144d4f-b590-4973-ba1d-7603a501e94a,Bradley King,74
f1ae8481-334b-4f4c-bd9d-82a89626214e,Heather Webster,58
5bdb9985-09d8-482c-b69f-d7bfdd1c99c9,Benjamin Brown,80
a5f65167-e13f-4399-8d95-dd0b54d952f3,Kristi Morgan,89
c04af7b2-9b9c-49e2-bc76-86ceb5ebc020,Lee Phelps,32
361a5b93-0bd4-486e-9eee-18d1964298b6,Jeffrey Ruiz,58
1389c89a-61ee-4677-8abe-acca7e799a91,Amy Kennedy,98
88252b20-f6a5-40ab-b3b2-5d9e3415e4f1,Lindsey Barker,35
a069179a-6ca0-4767-a14f-60360ac565db,Raymond Jones,78
9985ed22-f782-488f-b65c-1f4437ce1426,Amy Rivas,48
195a3c67-c497-4d0d-8ca0-c3f0cc3659a3,Christy Wade,62
fd69a6ec-b2af-48de-b15b-57852ef2d924,Dylan Hawkins,70
caeb83d5-507b-46c1-a2dd-9e0b1bcb85c6,Christopher Duke,48
62a49246-a0cd-4a64-bb0e-189d8d8b46b4,Isaac Fox,36
f2b028a7-1276-4b56-bd84-a007fdf6c2b8,Julie Hughes,55
4d1ef70e-fc2f-4e03-a9b9-6d35cc272da2,Sean Ford,51
0440bab8-92d2-4f52-bda2-7ed61c477430,Lorraine Barajas,95
ca5a791a-5aeb-4b54-80c1-4e27a62102ca,Amanda Patterson,59
ad4d3026-d3c7-4c85-aee9-e2ba7bb3466e,Andrea Williams,80
e1c3870c-96d8-4d30-b86a-6ec594ccb8f6,Brian Howe,42
d68a8f71-b33a-43cd-854c-3822594da6db,Linda Nolan,27
04835897-11ef-40a5-bbd2-e1bcbf9b4374,Audrey Downs,36
5a3f1500-973e-4f1e-bec0-6700eb5c7db4,Patricia Burgess,84
1f940a9a-42f3-4c91-8c57-7e58c735bca5,Gary Martinez,41
9afd0fcc-8705-4532-b981-fb4ba10cc771,Joel Barnes,68
124dcf98-88b8-401e-adb0-971abe406085,Jeffrey Jackson,66
f8ef68e5-3612-4641-81de-d204ac60deb8,Robert Cochran,81
1633b127-caef-46bd-a57e-08a65cb45fab,Kimberly Baker,65
9921fdd4-98fd-4636-a897-39360b427fc2,Deborah Beck,87
420d9705-d79e-4936-8f4e-2823b6ae3701,Geoffrey Rogers,30
f713b717-1b04-4878-aeae-d114aa7e4d55,Kathleen Johnson,78
2316e9b8-73d2-4de1-b2a9-787118a36497,Sean Allen,83
404fc48f-3c3b-4e7e-b0db-323395206ec9,Tina Moore,39
72edcf6e-1550-40d2-b713-c1df86b8d410,Kenneth Torres,82
3de1f4a2-892d-412d-bc79-8ce0b182c026,Michael Mcgee,72
295970a0-e797-4d4d-8e45-a81e1839bd4a,Lee Curtis,43
ef5f7905-9cab-4245-a7df-dded546a56fb,Edward Doyle,67
09784e1a-2d7f-4ddf-bb24-3475d257e706,Eric Foster,32
4c40644f-fdb0-41fd-89c1-c9a868feaeee,Vanessa Williams,42
cbe1108f-aafa-436b-8b55-c96ee549cebf,Matthew King,49
f5621371-ef80-41eb-b0e8-8065687c082c,Michelle Turner,28
8eda5f34-1bca-44e7-9059-2fe12ffdfda4,Brian Flores,74
d6ce87c0-432a-4538-9abe-1fe4636346c8,James Taylor,28
0eef2cc3-65dd-4dbe-a399-9c7a20b24f4d,Martin Davenport,90
c778d879-eda7-4b85-ab0d-44956b907ecb,Paula Turner,78
b3ff7301-508e-47a4-b6ea-1dab5232386e,Joe West,24
e94a5147-ec4c-4746-869b-571c38e839b1,Christine Chambers,83
45a25d79-b361-4d64-be16-a549d3e85df5,Dawn Christian,81
b79b7c80-918c-4a93-ad7c-2a051a0ffb5e,Nancy Martinez,99
7bc2f86d-3e54-4f73-a721-82ca0062e105,Mary Paul,71
